cruise,haul,loc,offset.y,offset.m,offset.d,offset.H,offset.M,offset.z,tz,notes
202103,1,Footrope,20,-5,7,-2,0,10,America/Los_Angeles,
202103,1,Kite,0,0,0,1,0,10,America/Los_Angeles,
202103,2,Footrope,20,-5,7,-2,0,10,America/Los_Angeles,
202103,2,Kite,0,0,0,1,0,10,America/Los_Angeles,
202103,3,Footrope,20,-5,7,-2,0,10,America/Los_Angeles,
202103,3,Kite,0,0,0,1,0,10,America/Los_Angeles,
202103,4,Footrope,0,0,0,1,0,10,America/Los_Angeles,
202103,4,Kite,20,-5,7,-2,0,10,America/Los_Angeles,
202103,5,Footrope,20,-5,7,-2,0,10,America/Los_Angeles,
202103,5,Kite,0,0,0,0,0,10,America/Los_Angeles,
202103,6,Footrope,20,-5,7,-2,0,10,America/Los_Angeles,
202103,6,Kite,0,0,0,1,0,10,America/Los_Angeles,
202103,7,Footrope,21,2,22,0,0,10,America/Los_Angeles,
202103,7,Kite,0,0,0,1,0,10,America/Los_Angeles,
202103,8,Footrope,0,0,0,1,0,10,America/Los_Angeles,
202103,8,Kite,21,2,22,0,0,10,America/Los_Angeles,
202103,9,Footrope,21,2,22,0,0,10,America/Los_Angeles,
202103,9,Kite,0,0,0,1,0,10,America/Los_Angeles,
202103,10,Footrope,21,2,22,0,0,10,America/Los_Angeles,
202103,10,Kite,0,0,0,1,0,10,America/Los_Angeles,
202103,11,Footrope,21,2,22,0,0,10,America/Los_Angeles,
202103,11,Kite,0,0,0,0,0,10,America/Los_Angeles,
202103,12,Footrope,0,0,0,-3,0,10,America/Los_Angeles,
202103,12,Kite,21,2,22,0,0,10,America/Los_Angeles,
202103,13,Footrope,0,0,0,-3,0,10,America/Los_Angeles,
202103,13,Kite,21,2,22,0,0,10,America/Los_Angeles,
202103,14,Footrope,21,2,22,0,0,10,America/Los_Angeles,
202103,14,Kite,0,0,0,-3,0,10,America/Los_Angeles,
202103,15,Footrope,0,0,0,-3,0,10,America/Los_Angeles,
202103,15,Kite,21,2,22,0,0,10,America/Los_Angeles,
202103,16,Footrope,0,0,0,-3,0,10,America/Los_Angeles,
202103,16,Kite,21,2,22,0,0,10,America/Los_Angeles,
202103,17,Footrope,21,2,22,0,0,10,America/Los_Angeles,
202103,17,Kite,0,0,0,-3,0,10,America/Los_Angeles,
202103,18,Footrope,21,2,22,0,0,10,America/Los_Angeles,
202103,18,Kite,0,0,0,-3,0,10,America/Los_Angeles,
202103,19,Footrope,0,0,0,-3,0,10,America/Los_Angeles,
202103,19,Kite,21,2,22,0,0,10,America/Los_Angeles,
202103,20,Footrope,21,2,22,0,0,10,America/Los_Angeles,
202103,20,Kite,0,0,0,-3,0,10,America/Los_Angeles,
202103,21,Footrope,21,2,22,0,0,10,America/Los_Angeles,
202103,21,Kite,0,0,0,-3,0,10,America/Los_Angeles,
202103,22,Footrope,21,2,22,0,0,10,America/Los_Angeles,
202103,22,Kite,0,0,0,-3,0,10,America/Los_Angeles,
202103,23,Footrope,21,2,22,0,0,10,America/Los_Angeles,
202103,23,Kite,0,0,0,-3,0,10,America/Los_Angeles,
202103,24,Footrope,0,0,0,-3,0,10,America/Los_Angeles,
202103,24,Kite,21,2,22,0,0,10,America/Los_Angeles,
202103,25,Footrope,21,2,22,0,0,10,America/Los_Angeles,
202103,25,Kite,0,0,0,-3,0,10,America/Los_Angeles,
202103,26,Footrope,0,0,0,-3,0,10,America/Los_Angeles,
202103,26,Kite,21,2,22,0,0,10,America/Los_Angeles,
202103,27,Footrope,21,2,22,0,0,10,America/Los_Angeles,
202103,27,Kite,0,0,0,-3,0,10,America/Los_Angeles,
202103,28,Footrope,21,2,22,0,0,10,America/Los_Angeles,
202103,28,Kite,0,0,0,-3,0,10,America/Los_Angeles,
202103,29,Footrope,0,0,0,-3,0,10,America/Los_Angeles,
202103,29,Kite,21,2,22,0,0,10,America/Los_Angeles,
202103,30,Footrope,0,0,0,-3,0,10,America/Los_Angeles,
202103,30,Kite,21,2,22,0,0,10,America/Los_Angeles,
202103,31,Footrope,21,2,22,0,0,10,America/Los_Angeles,
202103,31,Kite,0,0,0,-3,0,10,America/Los_Angeles,
202103,32,Footrope,0,0,0,-3,0,10,America/Los_Angeles,
202103,32,Kite,0,0,0,-3,0,10,America/Los_Angeles,
202103,33,Footrope,0,0,0,-3,0,10,America/Los_Angeles,
202103,33,Kite,0,0,0,-3,0,10,America/Los_Angeles,
202103,34,Footrope,0,0,0,-3,0,10,America/Los_Angeles,
202103,34,Kite,0,0,0,-3,0,10,America/Los_Angeles,
202103,35,Footrope,0,0,0,-3,0,10,America/Los_Angeles,
202103,35,Kite,0,0,0,-3,0,10,America/Los_Angeles,
202103,36,Footrope,0,0,0,-3,0,10,America/Los_Angeles,
202103,36,Kite,0,0,0,-3,0,10,America/Los_Angeles,
202103,37,Footrope,0,0,0,-3,0,10,America/Los_Angeles,
202103,37,Kite,0,0,0,-3,0,10,America/Los_Angeles,
202103,38,Footrope,0,0,0,-3,0,10,America/Los_Angeles,
202103,38,Kite,0,0,0,-3,0,10,America/Los_Angeles,
202103,39,Footrope,0,0,0,-3,0,10,America/Los_Angeles,
202103,39,Kite,0,0,0,-3,0,10,America/Los_Angeles,
202103,40,Footrope,0,0,0,-3,0,10,America/Los_Angeles,
202103,40,Kite,0,0,0,-3,0,10,America/Los_Angeles,
202103,41,Footrope,0,0,0,-3,0,10,America/Los_Angeles,
202103,41,Kite,0,0,0,-3,0,10,America/Los_Angeles,
202103,42,Footrope,0,0,0,-3,0,10,America/Los_Angeles,
202103,42,Kite,0,0,0,-3,0,10,America/Los_Angeles,
202103,43,Footrope,0,0,0,-3,0,10,America/Los_Angeles,
202103,43,Kite,0,0,0,-3,0,10,America/Los_Angeles,
202103,44,Footrope,0,0,0,-3,0,10,America/Los_Angeles,
202103,44,Kite,0,0,0,-3,0,10,America/Los_Angeles,
202103,45,Footrope,0,0,0,-3,0,10,America/Los_Angeles,
202103,45,Kite,0,0,0,-3,0,10,America/Los_Angeles,
202103,46,Footrope,0,0,0,-3,0,10,America/Los_Angeles,
202103,46,Kite,0,0,0,-3,0,10,America/Los_Angeles,
202103,47,Footrope,0,0,0,-3,0,10,America/Los_Angeles,
202103,47,Kite,0,0,0,-3,0,10,America/Los_Angeles,
202103,48,Footrope,0,0,0,-3,0,10,America/Los_Angeles,
202103,48,Kite,0,0,0,-3,0,10,America/Los_Angeles,
202103,49,Footrope,0,0,0,-3,0,10,America/Los_Angeles,
202103,49,Kite,0,0,0,-3,0,10,America/Los_Angeles,
202103,50,Footrope,0,0,0,-3,0,10,America/Los_Angeles,
202103,50,Kite,0,0,0,-3,0,10,America/Los_Angeles,
202107,1,Footrope,21,2,21,1,0,10,America/Los_Angeles,
202107,1,Kite,0,0,0,-3,0,10,America/Los_Angeles,
202107,2,Footrope,21,2,21,1,0,10,America/Los_Angeles,
202107,2,Kite,0,0,0,-3,0,10,America/Los_Angeles,
202107,3,Footrope,21,2,21,1,0,10,America/Los_Angeles,
202107,3,Kite,0,0,0,-3,0,10,America/Los_Angeles,
202107,4,Footrope,21,2,21,1,0,10,America/Los_Angeles,
202107,4,Kite,0,0,0,-3,0,10,America/Los_Angeles,
202107,5,Footrope,21,2,21,1,0,10,America/Los_Angeles,
202107,5,Kite,0,0,0,-3,0,10,America/Los_Angeles,
202107,6,Footrope,21,2,21,1,0,10,America/Los_Angeles,
202107,6,Kite,0,0,0,-3,0,10,America/Los_Angeles,
202107,7,Footrope,21,2,21,1,0,10,America/Los_Angeles,
202107,7,Kite,0,0,0,-3,0,10,America/Los_Angeles,
202107,8,Footrope,0,0,0,-3,-1,10,America/Los_Angeles,
202107,8,Kite,21,3,-9,1,0,10,America/Los_Angeles,
202107,9,Footrope,0,0,0,-3,-1,10,America/Los_Angeles,
202107,9,Kite,21,3,-9,1,0,10,America/Los_Angeles,
202107,10,Footrope,21,2,21,1,0,10,America/Los_Angeles,
202107,10,Kite,0,0,0,-3,0,10,America/Los_Angeles,
202107,11,Footrope,21,2,21,1,0,10,America/Los_Angeles,
202107,11,Kite,0,0,0,-3,0,10,America/Los_Angeles,
202107,12,Footrope,0,0,0,-3,-1,10,America/Los_Angeles,
202107,12,Kite,21,3,-9,1,0,10,America/Los_Angeles,
202107,13,Footrope,0,0,0,-3,-1,10,America/Los_Angeles,
202107,13,Kite,21,3,-9,1,0,10,America/Los_Angeles,
202107,14,Footrope,21,2,21,1,0,10,America/Los_Angeles,
202107,14,Kite,0,0,0,-3,0,10,America/Los_Angeles,
202107,15,Footrope,0,0,0,-3,-1,10,America/Los_Angeles,
202107,15,Kite,21,3,-9,1,0,10,America/Los_Angeles,
202107,16,Footrope,0,0,0,-3,-1,10,America/Los_Angeles,
202107,16,Kite,21,3,-9,1,0,10,America/Los_Angeles,
202107,17,Footrope,21,2,21,1,0,10,America/Los_Angeles,
202107,17,Kite,0,0,0,-3,0,10,America/Los_Angeles,
202107,18,Footrope,21,2,21,1,0,10,America/Los_Angeles,
202107,18,Kite,0,0,0,-3,0,10,America/Los_Angeles,
202107,19,Footrope,21,2,21,1,0,10,America/Los_Angeles,
202107,19,Kite,0,0,0,-3,0,10,America/Los_Angeles,
202107,20,Footrope,0,0,0,-3,-1,10,America/Los_Angeles,
202107,20,Kite,21,3,-9,1,0,10,America/Los_Angeles,
202107,21,Footrope,0,0,0,-3,-1,10,America/Los_Angeles,
202107,21,Kite,21,3,-9,1,0,10,America/Los_Angeles,
202107,22,Footrope,0,0,0,-3,-1,10,America/Los_Angeles,
202107,22,Kite,21,3,-9,1,0,10,America/Los_Angeles,
202107,23,Footrope,0,0,0,-3,-1,10,America/Los_Angeles,
202107,23,Kite,21,3,-9,1,0,10,America/Los_Angeles,
202107,24,Footrope,0,0,0,-3,-1,10,America/Los_Angeles,
202107,24,Kite,21,3,-9,1,0,10,America/Los_Angeles,
202107,25,Footrope,0,0,0,-3,-1,10,America/Los_Angeles,
202107,25,Kite,21,3,-10,1,0,10,America/Los_Angeles,
202107,26,Footrope,21,2,21,1,0,10,America/Los_Angeles,
202107,26,Kite,0,0,0,-3,0,10,America/Los_Angeles,
202107,27,Footrope,21,2,21,1,0,10,America/Los_Angeles,
202107,27,Kite,0,0,0,-3,0,10,America/Los_Angeles,
202107,28,Footrope,0,0,0,-3,-1,10,America/Los_Angeles,
202107,28,Kite,21,3,-10,1,0,10,America/Los_Angeles,
202107,29,Footrope,0,0,0,-3,-1,10,America/Los_Angeles,
202107,29,Kite,21,3,-10,1,0,10,America/Los_Angeles,
202107,30,Footrope,0,0,0,-3,0,10,America/Los_Angeles,
202107,30,Kite,21,3,-10,1,0,10,America/Los_Angeles,
202107,31,Footrope,21,2,21,1,0,10,America/Los_Angeles,
202107,31,Kite,0,0,0,-3,0,10,America/Los_Angeles,
202107,32,Footrope,0,0,0,-3,0,10,America/Los_Angeles,
202107,32,Kite,21,3,-10,1,0,10,America/Los_Angeles,
202107,33,Footrope,0,0,0,-3,0,10,America/Los_Angeles,
202107,33,Kite,21,2,21,1,0,10,America/Los_Angeles,
202107,34,Footrope,21,2,21,1,0,10,America/Los_Angeles,
202107,34,Kite,0,0,0,-3,0,10,America/Los_Angeles,
202107,35,Footrope,0,0,0,-3,0,10,America/Los_Angeles,
202107,35,Kite,21,2,21,1,0,10,America/Los_Angeles,
202107,36,Footrope,21,2,21,1,0,10,America/Los_Angeles,
202107,36,Kite,0,0,0,-3,0,10,America/Los_Angeles,
202107,37,Footrope,0,0,0,-3,0,10,America/Los_Angeles,
202107,37,Kite,21,2,21,1,0,10,America/Los_Angeles,
202107,38,Footrope,21,2,21,1,0,10,America/Los_Angeles,
202107,38,Kite,0,0,0,-3,0,10,America/Los_Angeles,
202107,39,Footrope,0,0,0,-3,0,10,America/Los_Angeles,
202107,39,Kite,21,2,21,1,0,10,America/Los_Angeles,
202107,40,Footrope,0,0,0,-3,0,10,America/Los_Angeles,
202107,40,Kite,21,2,21,1,0,10,America/Los_Angeles,
202107,41,Footrope,0,0,0,-3,0,10,America/Los_Angeles,
202107,41,Kite,21,2,21,1,0,10,America/Los_Angeles,
202107,42,Footrope,21,2,21,1,0,10,America/Los_Angeles,
202107,42,Kite,0,0,0,-3,0,10,America/Los_Angeles,
202107,43,Footrope,0,0,0,-3,0,10,America/Los_Angeles,
202107,43,Kite,21,2,21,1,0,10,America/Los_Angeles,
202107,44,Footrope,0,0,0,-3,0,10,America/Los_Angeles,
202107,44,Kite,21,2,21,1,0,10,America/Los_Angeles,
202107,45,Footrope,21,2,21,1,0,10,America/Los_Angeles,
202107,45,Kite,0,0,0,-3,0,10,America/Los_Angeles,
202107,46,Footrope,0,0,0,-3,0,10,America/Los_Angeles,
202107,46,Kite,21,2,21,1,0,10,America/Los_Angeles,
202107,47,Footrope,0,0,0,-3,0,10,America/Los_Angeles,
202107,47,Kite,21,2,21,1,0,10,America/Los_Angeles,
202107,48,Footrope,0,0,0,-3,0,10,America/Los_Angeles,
202107,48,Kite,21,2,21,1,0,10,America/Los_Angeles,
202107,49,Footrope,0,0,0,-3,0,10,America/Los_Angeles,
202107,49,Kite,21,2,21,1,0,10,America/Los_Angeles,
202107,50,Footrope,0,0,0,-3,0,10,America/Los_Angeles,
202107,50,Kite,21,2,21,1,0,10,America/Los_Angeles,
202107,51,Footrope,0,0,0,-3,0,10,America/Los_Angeles,
202107,51,Kite,21,2,21,1,0,10,America/Los_Angeles,
202107,52,Footrope,0,0,0,-3,0,10,America/Los_Angeles,
202107,52,Kite,21,2,21,1,0,10,America/Los_Angeles,
202107,53,Footrope,0,0,0,-3,0,10,America/Los_Angeles,
202107,53,Kite,21,2,21,1,0,10,America/Los_Angeles,
202107,54,Footrope,21,2,21,1,0,10,America/Los_Angeles,
202107,54,Kite,0,0,0,-3,0,10,America/Los_Angeles,
202107,55,Footrope,21,2,21,1,0,10,America/Los_Angeles,
202107,55,Kite,0,0,0,-3,0,10,America/Los_Angeles,
202107,56,Footrope,0,0,0,-3,0,10,America/Los_Angeles,
202107,56,Kite,21,2,21,1,0,10,America/Los_Angeles,
202107,57,Footrope,0,0,0,-3,0,10,America/Los_Angeles,
202107,57,Kite,21,2,21,1,0,10,America/Los_Angeles,
202107,58,Footrope,0,0,0,-3,0,10,America/Los_Angeles,
202107,58,Kite,21,2,21,1,0,10,America/Los_Angeles,
202107,59,Footrope,0,0,0,-3,0,10,America/Los_Angeles,
202107,59,Kite,21,2,21,1,0,10,America/Los_Angeles,
202107,60,Footrope,0,0,0,-3,0,10,America/Los_Angeles,
202107,60,Kite,21,2,21,1,0,10,America/Los_Angeles,
202107,61,Footrope,0,0,0,-3,0,10,America/Los_Angeles,
202107,61,Kite,21,2,21,1,0,10,America/Los_Angeles,
202107,62,Footrope,21,2,21,1,0,10,America/Los_Angeles,
202107,62,Kite,0,0,0,-3,0,10,America/Los_Angeles,
202107,63,Footrope,21,2,21,1,0,10,America/Los_Angeles,
202107,63,Kite,0,0,0,-3,0,10,America/Los_Angeles,
202107,64,Footrope,0,0,0,-3,0,10,America/Los_Angeles,
202107,64,Kite,21,2,21,1,0,10,America/Los_Angeles,
202107,65,Footrope,21,2,21,1,0,10,America/Los_Angeles,
202107,65,Kite,0,0,0,-3,0,10,America/Los_Angeles,
202107,66,Footrope,21,2,21,1,0,10,America/Los_Angeles,
202107,66,Kite,0,0,0,-3,0,10,America/Los_Angeles,
202107,67,Footrope,0,0,0,-3,0,10,America/Los_Angeles,
202107,67,Kite,21,2,21,1,0,10,America/Los_Angeles,
202107,68,Footrope,21,2,21,1,0,10,America/Los_Angeles,
202107,68,Kite,0,0,0,-3,0,10,America/Los_Angeles,
202107,69,Footrope,21,2,21,1,0,10,America/Los_Angeles,
202107,69,Kite,0,0,0,-3,0,10,America/Los_Angeles,
202107,70,Footrope,0,0,0,-3,0,10,America/Los_Angeles,
202107,70,Kite,21,2,22,-23,0,10,America/Los_Angeles,
202107,71,Footrope,0,0,-8,-2,-30,10,America/Los_Angeles,
202107,71,Kite,21,2,22,-23,0,10,America/Los_Angeles,
202107,72,Footrope,21,2,21,1,0,10,America/Los_Angeles,
202107,72,Kite,0,0,0,-3,0,10,America/Los_Angeles,
202107,73,Footrope,21,2,21,1,0,10,America/Los_Angeles,
202107,73,Kite,0,0,0,-3,0,10,America/Los_Angeles,
202107,74,Footrope,21,2,21,1,0,10,America/Los_Angeles,
202107,74,Kite,0,0,0,-3,0,10,America/Los_Angeles,
202107,75,Footrope,21,2,21,1,0,10,America/Los_Angeles,
202107,75,Kite,0,0,0,-3,0,10,America/Los_Angeles,
202107,76,Footrope,21,2,21,1,0,10,America/Los_Angeles,
202107,76,Kite,0,0,0,-3,0,10,America/Los_Angeles,
202107,77,Footrope,0,0,0,-3,0,10,America/Los_Angeles,
202107,77,Kite,21,2,21,1,0,10,America/Los_Angeles,
202107,78,Footrope,21,2,21,1,0,10,America/Los_Angeles,
202107,78,Kite,0,0,0,-3,0,10,America/Los_Angeles,
202107,79,Footrope,21,2,21,1,0,10,America/Los_Angeles,
202107,79,Kite,0,0,0,-3,0,10,America/Los_Angeles,
202107,80,Footrope,21,2,21,2,0,10,America/Los_Angeles,
202107,80,Kite,0,0,0,-2,0,10,America/Los_Angeles,
202107,81,Footrope,21,2,21,2,0,10,America/Los_Angeles,
202107,81,Kite,21,2,21,1,0,10,America/Los_Angeles,
202107,82,Footrope,21,2,21,1,0,10,America/Los_Angeles,
202107,82,Kite,0,0,0,0,0,10,America/Los_Angeles,
202107,83,Footrope,0,0,0,0,0,10,America/Los_Angeles,
202107,83,Kite,21,2,21,1,0,10,America/Los_Angeles,
202107,84,Footrope,21,2,21,1,0,10,America/Los_Angeles,
202107,84,Kite,0,0,0,0,0,10,America/Los_Angeles,
202107,85,Footrope,21,2,21,1,0,10,America/Los_Angeles,
202107,85,Kite,0,0,0,0,0,10,America/Los_Angeles,
202107,86,Footrope,21,2,21,1,0,10,America/Los_Angeles,
202107,86,Kite,0,0,0,0,0,10,America/Los_Angeles,
202107,87,Footrope,0,0,0,0,0,10,America/Los_Angeles,
202107,87,Kite,21,2,21,1,0,10,America/Los_Angeles,
202107,88,Footrope,0,0,0,0,0,10,America/Los_Angeles,
202107,88,Kite,21,2,21,1,0,10,America/Los_Angeles,
202107,89,Footrope,0,0,0,0,0,10,America/Los_Angeles,
202107,89,Kite,21,2,21,1,0,10,America/Los_Angeles,
202107,90,Footrope,0,0,0,0,0,10,America/Los_Angeles,
202107,90,Kite,21,2,21,1,0,10,America/Los_Angeles,
202107,91,Footrope,0,0,0,0,0,10,America/Los_Angeles,
202107,91,Kite,21,2,21,1,0,10,America/Los_Angeles,
202107,92,Footrope,21,2,21,1,0,10,America/Los_Angeles,
202107,92,Kite,0,0,0,0,0,10,America/Los_Angeles,
202107,93,Footrope,21,2,21,1,0,10,America/Los_Angeles,
202107,93,Kite,0,0,0,0,0,10,America/Los_Angeles,
202107,94,Footrope,21,2,21,1,0,10,America/Los_Angeles,
202107,94,Kite,21,2,21,1,0,10,America/Los_Angeles,
202107,95,Footrope,21,2,21,1,0,10,America/Los_Angeles,
202107,95,Kite,0,0,0,0,0,10,America/Los_Angeles,
202107,96,Footrope,0,0,0,0,0,10,America/Los_Angeles,
202107,96,Kite,21,2,21,1,0,10,America/Los_Angeles,
202107,97,Footrope,0,0,0,0,0,10,America/Los_Angeles,
202107,97,Kite,21,2,21,1,0,10,America/Los_Angeles,
202107,98,Footrope,21,2,21,1,0,10,America/Los_Angeles,
202107,98,Kite,0,0,0,0,0,10,America/Los_Angeles,
202107,99,Footrope,21,2,21,1,0,10,America/Los_Angeles,
202107,99,Kite,0,0,0,0,0,10,America/Los_Angeles,
202107,100,Footrope,21,2,21,1,0,10,America/Los_Angeles,
202107,100,Kite,0,0,0,0,0,10,America/Los_Angeles,
202107,101,Footrope,0,0,0,0,0,10,America/Los_Angeles,
202107,101,Kite,21,2,21,1,0,10,America/Los_Angeles,
202107,102,Footrope,0,0,0,0,0,10,America/Los_Angeles,
202107,102,Kite,21,2,20,1,0,10,America/Los_Angeles,
202107,103,Footrope,21,2,20,1,0,10,America/Los_Angeles,
202107,103,Kite,0,0,0,0,0,10,America/Los_Angeles,
202107,104,Footrope,0,0,0,0,0,10,America/Los_Angeles,
202107,104,Kite,21,2,20,1,0,10,America/Los_Angeles,
202107,105,Footrope,21,2,20,1,0,10,America/Los_Angeles,
202107,105,Kite,0,0,0,0,0,10,America/Los_Angeles,
202107,106,Footrope,21,9,2,-2,0,10,America/Los_Angeles,
202107,106,Kite,0,0,0,0,20,10,America/Los_Angeles,
202107,107,Footrope,21,9,2,1,0,10,America/Los_Angeles,
202107,107,Kite,0,0,0,-3,0,10,America/Los_Angeles,
202107,108,Footrope,0,0,0,0,0,10,America/Los_Angeles,
202107,108,Kite,21,9,2,-2,0,10,America/Los_Angeles,
202107,109,Footrope,0,0,0,-3,0,10,America/Los_Angeles,
202107,109,Kite,0,0,0,0,0,10,America/Los_Angeles,
202107,110,Footrope,21,9,2,-2,0,10,America/Los_Angeles,
202107,110,Kite,21,9,2,1,0,10,America/Los_Angeles,
202107,111,Footrope,21,9,2,1,0,10,America/Los_Angeles,
202107,111,Kite,21,9,2,-2,0,10,America/Los_Angeles,
202107,112,Footrope,0,0,0,0,0,10,America/Los_Angeles,
202107,112,Kite,0,0,0,-3,0,10,America/Los_Angeles,
202107,113,Footrope,21,9,2,1,0,10,America/Los_Angeles,
202107,113,Kite,21,9,2,-2,0,10,America/Los_Angeles,
202107,114,Footrope,21,9,2,1,0,10,America/Los_Angeles,
202107,114,Kite,21,9,2,-2,0,10,America/Los_Angeles,
202107,115,Footrope,21,9,2,1,0,10,America/Los_Angeles,
202107,115,Kite,21,9,2,-2,0,10,America/Los_Angeles,
202107,116,Footrope,0,0,0,-3,0,10,America/Los_Angeles,
202107,116,Kite,0,0,0,0,0,10,America/Los_Angeles,
202107,117,Footrope,0,0,0,-3,0,10,America/Los_Angeles,
202107,117,Kite,0,0,0,0,0,10,America/Los_Angeles,
202107,118,Footrope,0,0,0,0,0,10,America/Los_Angeles,
202107,118,Kite,0,0,0,-3,0,10,America/Los_Angeles,
202107,119,Footrope,21,9,2,-2,0,10,America/Los_Angeles,
202107,119,Kite,21,9,2,1,0,10,America/Los_Angeles,
202107,120,Footrope,21,9,2,1,0,10,America/Los_Angeles,
202107,120,Kite,21,9,2,-2,0,10,America/Los_Angeles,
202107,121,Footrope,21,9,2,-2,0,10,America/Los_Angeles,
202107,121,Kite,21,9,2,1,0,10,America/Los_Angeles,
202107,122,Footrope,21,9,2,1,0,10,America/Los_Angeles,
202107,122,Kite,21,9,2,-2,0,10,America/Los_Angeles,
202107,123,Footrope,0,0,0,-3,0,10,America/Los_Angeles,
202107,123,Kite,21,9,2,1,0,10,America/Los_Angeles,
202107,124,Footrope,21,9,2,1,0,10,America/Los_Angeles,
202107,124,Kite,0,0,0,-3,0,10,America/Los_Angeles,
202107,125,Footrope,0,0,0,-3,0,10,America/Los_Angeles,
202107,125,Kite,21,9,2,1,0,10,America/Los_Angeles,
202107,126,Footrope,0,0,0,0,0,10,America/Los_Angeles,
202107,126,Kite,21,9,2,-2,0,10,America/Los_Angeles,
202107,127,Footrope,0,0,0,0,0,10,America/Los_Angeles,
202107,127,Kite,21,9,2,-2,0,10,America/Los_Angeles,
202207,1,Footrope,0,0,0,0,0,10,America/Los_Angeles,
202207,1,Kite,0,0,0,0,0,10,America/Los_Angeles,
202207,2,Footrope,0,0,0,0,0,10,America/Los_Angeles,
202207,2,Kite,0,0,0,0,0,10,America/Los_Angeles,
202207,3,Footrope,0,0,0,0,0,10,America/Los_Angeles,
202207,3,Kite,0,0,0,0,0,10,America/Los_Angeles,
202207,4,Footrope,0,0,0,0,0,10,America/Los_Angeles,
202207,4,Kite,0,0,0,0,0,10,America/Los_Angeles,
202207,5,Footrope,0,0,0,0,0,10,America/Los_Angeles,
202207,5,Kite,0,0,0,0,0,10,America/Los_Angeles,
202207,6,Footrope,0,0,0,0,0,10,America/Los_Angeles,
202207,6,Kite,0,0,0,0,0,10,America/Los_Angeles,
202207,7,Footrope,0,0,0,0,0,10,America/Los_Angeles,
202207,7,Kite,0,0,0,0,0,10,America/Los_Angeles,
202207,8,Footrope,0,0,0,0,0,10,America/Los_Angeles,
202207,8,Kite,0,0,0,0,0,10,America/Los_Angeles,
202207,9,Footrope,0,0,0,0,0,10,America/Los_Angeles,
202207,9,Kite,0,0,0,0,0,10,America/Los_Angeles,
202207,10,Footrope,0,0,0,0,0,10,America/Los_Angeles,
202207,10,Kite,0,0,0,0,0,10,America/Los_Angeles,
202207,11,Footrope,0,0,0,0,0,10,America/Los_Angeles,
202207,11,Kite,0,0,0,0,0,10,America/Los_Angeles,
202207,12,Footrope,0,0,0,0,0,10,America/Los_Angeles,
202207,12,Kite,0,0,0,0,0,10,America/Los_Angeles,
202207,13,Footrope,0,0,0,0,0,10,America/Los_Angeles,
202207,13,Kite,0,0,0,0,0,10,America/Los_Angeles,
202207,14,Footrope,0,0,0,0,0,10,America/Los_Angeles,
202207,14,Kite,0,0,0,0,0,10,America/Los_Angeles,
202207,15,Footrope,0,0,0,0,0,10,America/Los_Angeles,
202207,15,Kite,0,0,0,0,0,10,America/Los_Angeles,
202207,16,Footrope,0,0,0,0,0,10,America/Los_Angeles,
202207,16,Kite,0,0,0,0,0,10,America/Los_Angeles,
202207,17,Footrope,0,0,0,0,0,10,America/Los_Angeles,
202207,17,Kite,0,0,0,0,0,10,America/Los_Angeles,
202207,18,Footrope,0,0,0,0,0,10,America/Los_Angeles,
202207,18,Kite,0,0,0,0,0,10,America/Los_Angeles,
202207,19,Footrope,0,0,0,0,0,10,America/Los_Angeles,
202207,19,Kite,0,0,0,0,0,10,America/Los_Angeles,
202207,20,Footrope,0,0,0,0,0,10,America/Los_Angeles,
202207,20,Kite,0,0,0,0,0,10,America/Los_Angeles,
202207,21,Footrope,0,0,0,0,0,10,America/Los_Angeles,
202207,21,Kite,0,0,0,0,0,10,America/Los_Angeles,
202207,22,Footrope,0,0,0,0,0,10,America/Los_Angeles,
202207,22,Kite,0,0,0,0,0,10,America/Los_Angeles,
202207,23,Footrope,0,0,0,0,0,10,America/Los_Angeles,
202207,23,Kite,0,0,0,0,0,10,America/Los_Angeles,
202207,24,Footrope,0,0,0,0,0,10,America/Los_Angeles,
202207,24,Kite,0,0,0,0,0,10,America/Los_Angeles,
202207,25,Footrope,0,0,0,0,0,10,America/Los_Angeles,
202207,25,Kite,0,0,0,0,0,10,America/Los_Angeles,
202207,26,Footrope,0,0,0,0,0,10,America/Los_Angeles,
202207,26,Kite,0,0,0,0,0,10,America/Los_Angeles,
202207,27,Footrope,0,0,0,0,0,10,America/Los_Angeles,
202207,27,Kite,0,0,0,0,0,10,America/Los_Angeles,
202207,28,Footrope,0,0,0,0,0,10,America/Los_Angeles,
202207,28,Kite,0,0,0,0,0,10,America/Los_Angeles,
202207,29,Footrope,0,0,0,0,0,10,America/Los_Angeles,
202207,29,Kite,0,0,0,0,0,10,America/Los_Angeles,
202207,30,Footrope,0,0,0,0,0,10,America/Los_Angeles,
202207,30,Kite,0,0,0,0,0,10,America/Los_Angeles,
202207,31,Footrope,0,0,0,0,0,10,America/Los_Angeles,
202207,31,Kite,0,0,0,0,0,10,America/Los_Angeles,
202207,32,Footrope,0,0,0,0,0,10,America/Los_Angeles,
202207,32,Kite,0,0,0,0,0,10,America/Los_Angeles,
202207,33,Footrope,0,0,0,0,0,10,America/Los_Angeles,
202207,33,Kite,0,0,0,0,0,10,America/Los_Angeles,
202207,34,Footrope,0,0,0,0,0,10,America/Los_Angeles,
202207,34,Kite,0,0,0,0,0,10,America/Los_Angeles,
202207,35,Footrope,0,0,0,0,0,10,America/Los_Angeles,
202207,35,Kite,0,0,0,0,0,10,America/Los_Angeles,
202207,36,Footrope,0,0,0,0,0,10,America/Los_Angeles,
202207,36,Kite,0,0,0,0,0,10,America/Los_Angeles,
202207,37,Footrope,0,0,0,0,0,10,America/Los_Angeles,
202207,37,Kite,0,0,0,0,0,10,America/Los_Angeles,
202207,38,Footrope,0,0,0,0,0,10,America/Los_Angeles,
202207,38,Kite,0,0,0,0,0,10,America/Los_Angeles,
202207,39,Footrope,0,0,0,0,0,10,America/Los_Angeles,
202207,39,Kite,0,0,0,0,0,10,America/Los_Angeles,
202207,40,Footrope,0,0,0,0,0,10,America/Los_Angeles,
202207,40,Kite,0,0,0,0,0,10,America/Los_Angeles,
202207,41,Footrope,0,0,0,0,0,10,America/Los_Angeles,
202207,41,Kite,0,0,0,0,0,10,America/Los_Angeles,
202207,42,Footrope,0,0,0,0,0,10,America/Los_Angeles,
202207,42,Kite,0,0,0,0,0,10,America/Los_Angeles,
202207,43,Footrope,0,0,0,0,0,10,America/Los_Angeles,
202207,43,Kite,0,0,0,0,0,10,America/Los_Angeles,
202207,44,Footrope,0,0,0,0,0,10,America/Los_Angeles,
202207,44,Kite,0,0,0,0,0,10,America/Los_Angeles,
202207,45,Footrope,0,0,0,0,0,10,America/Los_Angeles,
202207,45,Kite,0,0,0,0,0,10,America/Los_Angeles,
202207,46,Footrope,0,0,0,0,0,10,America/Los_Angeles,
202207,46,Kite,0,0,0,0,0,10,America/Los_Angeles,
202207,47,Footrope,0,0,0,0,0,10,America/Los_Angeles,
202207,47,Kite,0,0,0,0,0,10,America/Los_Angeles,
202207,48,Footrope,0,0,0,0,0,10,America/Los_Angeles,
202207,48,Kite,0,0,0,0,0,10,America/Los_Angeles,
202207,49,Footrope,0,0,0,0,0,10,America/Los_Angeles,
202207,49,Kite,0,0,0,0,0,10,America/Los_Angeles,
202207,50,Footrope,0,0,0,0,0,10,America/Los_Angeles,
202207,50,Kite,0,0,0,0,0,10,America/Los_Angeles,
202207,51,Footrope,0,0,0,0,0,10,America/Los_Angeles,
202207,51,Kite,0,0,0,0,0,10,America/Los_Angeles,
202207,52,Footrope,0,0,0,0,0,10,America/Los_Angeles,
202207,52,Kite,0,0,0,0,0,10,America/Los_Angeles,
202207,53,Footrope,0,0,0,0,0,10,America/Los_Angeles,
202207,53,Kite,0,0,0,0,0,10,America/Los_Angeles,
202207,54,Footrope,0,0,0,0,0,10,America/Los_Angeles,
202207,54,Kite,0,0,0,0,0,10,America/Los_Angeles,
202207,55,Footrope,0,0,0,0,0,10,America/Los_Angeles,
202207,55,Kite,0,0,0,0,0,10,America/Los_Angeles,
202207,56,Footrope,0,0,0,0,0,10,America/Los_Angeles,
202207,56,Kite,0,0,0,0,0,10,America/Los_Angeles,
202207,57,Footrope,0,0,0,0,0,10,America/Los_Angeles,
202207,57,Kite,0,0,0,0,0,10,America/Los_Angeles,
202207,58,Footrope,0,0,0,0,0,10,America/Los_Angeles,
202207,58,Kite,0,0,0,0,0,10,America/Los_Angeles,
202207,59,Footrope,0,0,0,0,0,10,America/Los_Angeles,
202207,59,Kite,0,0,0,0,0,10,America/Los_Angeles,
202207,60,Footrope,0,0,0,0,0,10,America/Los_Angeles,
202207,60,Kite,0,0,0,0,0,10,America/Los_Angeles,
202207,61,Footrope,0,0,0,0,0,10,America/Los_Angeles,
202207,61,Kite,0,0,0,0,0,10,America/Los_Angeles,
202207,62,Footrope,0,0,0,0,0,10,America/Los_Angeles,
202207,62,Kite,0,0,0,0,0,10,America/Los_Angeles,
202207,63,Footrope,0,0,0,0,0,10,America/Los_Angeles,
202207,63,Kite,0,0,0,0,0,10,America/Los_Angeles,
202207,64,Footrope,0,0,0,0,0,10,America/Los_Angeles,
202207,64,Kite,0,0,0,0,0,10,America/Los_Angeles,
202207,65,Footrope,0,0,0,0,0,10,America/Los_Angeles,
202207,65,Kite,0,0,0,0,0,10,America/Los_Angeles,
202207,66,Footrope,0,0,0,0,0,10,America/Los_Angeles,
202207,66,Kite,0,0,0,0,0,10,America/Los_Angeles,
202207,67,Footrope,0,0,0,0,0,10,America/Los_Angeles,
202207,67,Kite,0,0,0,0,0,10,America/Los_Angeles,
202207,68,Footrope,0,0,0,0,0,10,America/Los_Angeles,
202207,68,Kite,0,0,0,0,0,10,America/Los_Angeles,
202207,69,Footrope,0,0,0,0,0,10,America/Los_Angeles,
202207,69,Kite,0,0,0,0,0,10,America/Los_Angeles,
202207,70,Footrope,22,8,21,4,-20,10,America/Los_Angeles,Date/time was way off
202207,70,Kite,0,0,0,0,0,10,America/Los_Angeles,Time was off by 20s
202207,71,Footrope,22,8,21,4,-20,10,America/Los_Angeles,Date/time was way off
202207,71,Kite,0,0,0,0,0,10,America/Los_Angeles,Time was off by 20s
202207,72,Footrope,22,8,21,4,-20,10,America/Los_Angeles,Date/time was way off
202207,72,Kite,0,0,0,0,0,10,America/Los_Angeles,Time was off by 20s
202207,73,Footrope,0,0,0,1,0,10,America/Los_Angeles,
202207,73,Kite,0,0,0,1,0,10,America/Los_Angeles,
202207,74,Footrope,0,0,0,1,0,10,America/Los_Angeles,
202207,74,Kite,0,0,0,1,0,10,America/Los_Angeles,
202207,75,Footrope,0,0,0,1,0,10,America/Los_Angeles,
202207,75,Kite,0,0,0,1,0,10,America/Los_Angeles,
202207,76,Footrope,0,0,0,1,0,10,America/Los_Angeles,
202207,76,Kite,0,0,0,1,0,10,America/Los_Angeles,
202207,77,Footrope,0,0,0,1,0,10,America/Los_Angeles,
202207,77,Kite,0,0,0,1,0,10,America/Los_Angeles,
202207,78,Footrope,0,0,0,1,0,10,America/Los_Angeles,
202207,78,Kite,0,0,0,1,0,10,America/Los_Angeles,
202207,79,Footrope,0,0,0,1,0,10,America/Los_Angeles,
202207,79,Kite,0,0,0,1,0,10,America/Los_Angeles,
202207,80,Footrope,0,0,0,1,0,10,America/Los_Angeles,
202207,80,Kite,0,0,0,1,0,10,America/Los_Angeles,
202207,81,Footrope,0,0,0,1,0,10,America/Los_Angeles,
202207,81,Kite,0,0,0,1,0,10,America/Los_Angeles,
202207,82,Footrope,0,0,0,1,0,10,America/Los_Angeles,
202207,82,Kite,0,0,0,1,0,10,America/Los_Angeles,
202207,83,Footrope,0,0,0,1,0,10,America/Los_Angeles,
202207,83,Kite,0,0,0,1,0,10,America/Los_Angeles,
202207,84,Footrope,0,0,0,1,0,10,America/Los_Angeles,
202207,84,Kite,0,0,0,1,0,10,America/Los_Angeles,
202207,85,Footrope,0,0,0,1,0,10,America/Los_Angeles,
202207,85,Kite,0,0,0,1,0,10,America/Los_Angeles,
202207,86,Footrope,0,0,0,1,0,10,America/Los_Angeles,
202207,86,Kite,0,0,0,1,0,10,America/Los_Angeles,
202207,87,Footrope,0,0,0,1,0,10,America/Los_Angeles,
202207,87,Kite,0,0,0,1,0,10,America/Los_Angeles,
202207,88,Footrope,0,0,0,1,0,10,America/Los_Angeles,
202207,88,Kite,0,0,0,1,0,10,America/Los_Angeles,
202307,1,Footrope,0,0,0,1,0,10,America/Los_Angeles,
202307,1,Kite,0,0,0,1,0,10,America/Los_Angeles,
202307,2,Footrope,0,0,0,1,0,10,America/Los_Angeles,
202307,2,Kite,0,0,0,1,0,10,America/Los_Angeles,
202307,3,Footrope,0,0,0,1,0,10,America/Los_Angeles,
202307,3,Kite,0,0,0,1,0,10,America/Los_Angeles,
202307,4,Footrope,0,0,0,1,0,10,America/Los_Angeles,
202307,4,Kite,0,0,0,1,0,10,America/Los_Angeles,
202307,5,Footrope,0,0,0,1,0,10,America/Los_Angeles,
202307,5,Kite,0,0,0,1,0,10,America/Los_Angeles,
202307,6,Footrope,0,0,0,1,0,10,America/Los_Angeles,
202307,6,Kite,0,0,0,1,0,10,America/Los_Angeles,
202307,7,Footrope,0,0,0,1,0,10,America/Los_Angeles,
202307,7,Kite,0,0,0,1,0,10,America/Los_Angeles,
202307,8,Footrope,0,0,0,1,0,10,America/Los_Angeles,
202307,8,Kite,0,0,0,1,0,10,America/Los_Angeles,
202307,9,Footrope,0,0,0,1,0,10,America/Los_Angeles,
202307,9,Kite,0,0,0,1,0,10,America/Los_Angeles,
202307,10,Footrope,0,0,0,1,0,10,America/Los_Angeles,
202307,10,Kite,0,0,0,1,0,10,America/Los_Angeles,
202307,11,Footrope,0,0,0,1,0,10,America/Los_Angeles,
202307,11,Kite,0,0,0,1,0,10,America/Los_Angeles,
202307,12,Footrope,0,0,0,1,0,10,America/Los_Angeles,
202307,12,Kite,0,0,0,1,0,10,America/Los_Angeles,
202307,13,Footrope,0,0,0,1,0,10,America/Los_Angeles,
202307,13,Kite,0,0,0,1,0,10,America/Los_Angeles,
202307,14,Footrope,0,0,0,1,0,10,America/Los_Angeles,
202307,14,Kite,0,0,0,1,0,10,America/Los_Angeles,
202307,15,Footrope,0,0,0,1,0,10,America/Los_Angeles,
202307,15,Kite,0,0,0,1,0,10,America/Los_Angeles,
202307,16,Footrope,0,0,0,1,0,10,America/Los_Angeles,
202307,16,Kite,0,0,0,1,0,10,America/Los_Angeles,
202307,17,Footrope,0,0,0,1,0,10,America/Los_Angeles,
202307,17,Kite,0,0,0,1,0,10,America/Los_Angeles,
202307,18,Footrope,0,0,0,1,0,10,America/Los_Angeles,
202307,18,Kite,0,0,0,1,0,10,America/Los_Angeles,
202307,19,Footrope,0,0,0,1,0,10,America/Los_Angeles,
202307,19,Kite,0,0,0,1,0,10,America/Los_Angeles,
202307,20,Footrope,0,0,0,1,0,10,America/Los_Angeles,
202307,20,Kite,0,0,0,1,0,10,America/Los_Angeles,
202307,21,Footrope,0,0,0,1,0,10,America/Los_Angeles,
202307,21,Kite,0,0,0,1,0,10,America/Los_Angeles,
202307,22,Footrope,0,0,0,1,0,10,America/Los_Angeles,
202307,22,Kite,0,0,0,1,0,10,America/Los_Angeles,
202307,23,Footrope,0,0,0,1,0,10,America/Los_Angeles,
202307,23,Kite,0,0,0,1,0,10,America/Los_Angeles,
202307,24,Footrope,0,0,0,1,0,10,America/Los_Angeles,
202307,24,Kite,0,0,0,1,0,10,America/Los_Angeles,
202307,25,Footrope,0,0,0,1,0,10,America/Los_Angeles,
202307,25,Kite,0,0,0,1,0,10,America/Los_Angeles,
202307,26,Footrope,0,0,0,1,0,10,America/Los_Angeles,
202307,26,Kite,0,0,0,1,0,10,America/Los_Angeles,
202307,27,Footrope,0,0,0,1,0,10,America/Los_Angeles,
202307,27,Kite,0,0,0,1,0,10,America/Los_Angeles,
202307,28,Footrope,0,0,0,1,0,10,America/Los_Angeles,
202307,28,Kite,0,0,0,1,0,10,America/Los_Angeles,
202307,29,Footrope,0,0,0,1,0,10,America/Los_Angeles,
202307,29,Kite,0,0,0,1,0,10,America/Los_Angeles,
202307,30,Footrope,0,0,0,1,0,10,America/Los_Angeles,
202307,30,Kite,0,0,0,1,0,10,America/Los_Angeles,
202307,31,Footrope,0,0,0,1,0,10,America/Los_Angeles,
202307,31,Kite,0,0,0,1,0,10,America/Los_Angeles,
202307,32,Footrope,0,0,0,1,0,10,America/Los_Angeles,
202307,32,Kite,0,0,0,1,0,10,America/Los_Angeles,
202307,33,Footrope,0,0,0,1,0,10,America/Los_Angeles,
202307,33,Kite,0,0,0,1,0,10,America/Los_Angeles,
202307,34,Footrope,0,0,0,1,0,10,America/Los_Angeles,
202307,34,Kite,0,0,0,1,0,10,America/Los_Angeles,
202307,35,Footrope,0,0,0,1,0,10,America/Los_Angeles,
202307,35,Kite,0,0,0,1,0,10,America/Los_Angeles,
202307,36,Footrope,0,0,0,1,0,10,America/Los_Angeles,
202307,36,Kite,0,0,0,1,0,10,America/Los_Angeles,
202307,37,Footrope,0,0,0,1,0,10,America/Los_Angeles,
202307,37,Kite,0,0,0,1,0,10,America/Los_Angeles,
202307,38,Footrope,0,0,0,1,0,10,America/Los_Angeles,
202307,38,Kite,0,0,0,1,0,10,America/Los_Angeles,
202307,39,Footrope,0,0,0,1,0,10,America/Los_Angeles,
202307,39,Kite,0,0,0,1,0,10,America/Los_Angeles,
202307,40,Footrope,0,0,0,1,0,10,America/Los_Angeles,
202307,40,Kite,0,0,0,1,0,10,America/Los_Angeles,
202307,41,Footrope,0,0,0,1,0,10,America/Los_Angeles,
202307,41,Kite,0,0,0,1,0,10,America/Los_Angeles,
202307,42,Footrope,0,0,0,1,0,10,America/Los_Angeles,
202307,42,Kite,0,0,0,1,0,10,America/Los_Angeles,
202307,43,Footrope,0,0,0,1,0,10,America/Los_Angeles,
202307,43,Kite,0,0,0,1,0,10,America/Los_Angeles,
202307,44,Footrope,0,0,0,1,0,10,America/Los_Angeles,
202307,44,Kite,0,0,0,1,0,10,America/Los_Angeles,
202307,45,Footrope,0,0,0,1,0,10,America/Los_Angeles,
202307,45,Kite,0,0,0,1,0,10,America/Los_Angeles,
202307,46,Footrope,0,0,0,1,0,10,America/Los_Angeles,
202307,46,Kite,0,0,0,1,0,10,America/Los_Angeles,
202307,47,Footrope,0,0,0,1,0,10,America/Los_Angeles,
202307,47,Kite,0,0,0,1,0,10,America/Los_Angeles,
202307,48,Footrope,0,0,0,1,0,10,America/Los_Angeles,
202307,48,Kite,0,0,0,1,0,10,America/Los_Angeles,
202307,49,Footrope,0,0,0,1,0,10,America/Los_Angeles,
202307,49,Kite,0,0,0,1,0,10,America/Los_Angeles,
202307,50,Footrope,0,0,0,1,0,10,America/Los_Angeles,
202307,50,Kite,0,0,0,1,0,10,America/Los_Angeles,
202307,51,Footrope,0,0,0,1,0,10,America/Los_Angeles,
202307,51,Kite,0,0,0,1,0,10,America/Los_Angeles,
202307,52,Footrope,0,0,0,1,0,10,America/Los_Angeles,
202307,52,Kite,0,0,0,1,0,10,America/Los_Angeles,
202307,53,Footrope,0,0,0,1,0,10,America/Los_Angeles,
202307,53,Kite,0,0,0,1,0,10,America/Los_Angeles,
202307,54,Footrope,0,0,0,1,0,10,America/Los_Angeles,
202307,54,Kite,0,0,0,1,0,10,America/Los_Angeles,
202407,1,Footrope,0,0,0,0,0,10,America/Los_Angeles,
202407,1,Kite,0,0,0,0,0,10,America/Los_Angeles,
202407,2,Footrope,0,0,0,0,0,10,America/Los_Angeles,
202407,2,Kite,0,0,0,0,0,10,America/Los_Angeles,
202407,3,Footrope,0,0,0,0,0,10,America/Los_Angeles,
202407,3,Kite,0,0,0,0,0,10,America/Los_Angeles,
202407,4,Footrope,0,0,0,0,0,10,America/Los_Angeles,
202407,4,Kite,0,0,0,0,0,10,America/Los_Angeles,
202407,5,Footrope,0,0,0,0,0,10,America/Los_Angeles,
202407,5,Kite,0,0,0,0,0,10,America/Los_Angeles,
202407,6,Footrope,0,0,0,0,0,10,America/Los_Angeles,
202407,6,Kite,0,0,0,0,0,10,America/Los_Angeles,
202407,7,Footrope,0,0,0,0,0,10,America/Los_Angeles,
202407,7,Kite,0,0,0,0,0,10,America/Los_Angeles,
202407,8,Footrope,0,0,0,0,0,10,America/Los_Angeles,
202407,8,Kite,0,0,0,0,0,10,America/Los_Angeles,
202407,9,Footrope,0,0,0,0,0,10,America/Los_Angeles,
202407,9,Kite,0,0,0,0,0,10,America/Los_Angeles,
202407,10,Footrope,0,0,0,0,0,10,America/Los_Angeles,
202407,10,Kite,0,0,0,0,0,10,America/Los_Angeles,
202407,11,Footrope,0,0,0,0,0,10,America/Los_Angeles,
202407,11,Kite,0,0,0,0,0,10,America/Los_Angeles,
202407,12,Footrope,0,0,0,0,0,10,America/Los_Angeles,Short file
202407,12,Kite,0,0,0,0,0,10,America/Los_Angeles,
202407,13,Footrope,0,0,0,0,0,10,America/Los_Angeles,
202407,13,Kite,0,0,0,0,0,10,America/Los_Angeles,
202407,14,Footrope,0,0,0,0,0,10,America/Los_Angeles,
202407,14,Kite,0,0,0,0,0,10,America/Los_Angeles,
202407,15,Footrope,0,0,0,0,0,10,America/Los_Angeles,
202407,15,Kite,0,0,0,0,0,10,America/Los_Angeles,
202407,16,Footrope,0,0,0,0,0,10,America/Los_Angeles,
202407,16,Kite,0,0,0,0,0,10,America/Los_Angeles,
202407,17,Footrope,0,0,0,0,0,10,America/Los_Angeles,
202407,17,Kite,0,0,0,0,0,10,America/Los_Angeles,
202407,18,Footrope,0,0,0,0,0,10,America/Los_Angeles,
202407,18,Kite,0,0,0,0,0,10,America/Los_Angeles,
202407,19,Footrope,0,0,0,0,0,10,America/Los_Angeles,
202407,19,Kite,0,0,0,0,0,10,America/Los_Angeles,
202407,20,Footrope,0,0,0,0,0,10,America/Los_Angeles,
202407,20,Kite,0,0,0,0,0,10,America/Los_Angeles,
202407,21,Footrope,0,0,0,0,0,10,America/Los_Angeles,
202407,21,Kite,0,0,0,0,0,10,America/Los_Angeles,
202407,22,Footrope,0,0,0,0,0,10,America/Los_Angeles,
202407,22,Kite,0,0,0,0,0,10,America/Los_Angeles,
202407,23,Footrope,0,0,0,0,0,10,America/Los_Angeles,
202407,23,Kite,0,0,0,0,0,10,America/Los_Angeles,
202407,24,Footrope,0,0,0,0,0,10,America/Los_Angeles,
202407,24,Kite,0,0,0,0,0,10,America/Los_Angeles,
202407,25,Footrope,0,0,0,0,0,10,America/Los_Angeles,
202407,25,Kite,0,0,0,0,0,10,America/Los_Angeles,
202407,26,Footrope,0,0,0,0,0,10,America/Los_Angeles,
202407,26,Kite,0,0,0,0,0,10,America/Los_Angeles,
202407,27,Footrope,0,0,0,0,0,10,America/Los_Angeles,
202407,27,Kite,0,0,0,0,0,10,America/Los_Angeles,
202407,28,Footrope,0,0,0,0,0,10,America/Los_Angeles,
202407,28,Kite,0,0,0,0,0,10,America/Los_Angeles,
202407,29,Footrope,0,0,0,0,0,10,America/Los_Angeles,
202407,29,Kite,0,0,0,0,0,10,America/Los_Angeles,
202407,30,Footrope,0,0,0,0,0,10,America/Los_Angeles,
202407,30,Kite,0,0,0,0,0,10,America/Los_Angeles,
202407,31,Footrope,0,0,0,0,0,10,America/Los_Angeles,
202407,31,Kite,0,0,0,0,0,10,America/Los_Angeles,
202407,32,Footrope,0,0,0,0,0,10,America/Los_Angeles,
202407,32,Kite,0,0,0,0,0,10,America/Los_Angeles,
202407,33,Footrope,0,0,0,0,0,10,America/Los_Angeles,
202407,33,Kite,0,0,0,0,0,10,America/Los_Angeles,
202407,34,Footrope,0,0,0,0,0,10,America/Los_Angeles,
202407,34,Kite,0,0,0,0,0,10,America/Los_Angeles,
202407,35,Footrope,0,0,0,0,0,10,America/Los_Angeles,
202407,35,Kite,0,0,0,0,0,10,America/Los_Angeles,
202407,36,Footrope,0,0,0,0,0,10,America/Los_Angeles,
202407,36,Kite,0,0,0,0,0,10,America/Los_Angeles,
202407,37,Footrope,0,0,0,0,0,10,America/Los_Angeles,
202407,37,Kite,0,0,0,0,0,10,America/Los_Angeles,
202407,38,Footrope,0,0,0,0,0,10,America/Los_Angeles,
202407,38,Kite,0,0,0,0,0,10,America/Los_Angeles,
202407,39,Footrope,0,0,0,0,0,10,America/Los_Angeles,
202407,39,Kite,0,0,0,0,0,10,America/Los_Angeles,
202407,40,Footrope,0,0,0,0,0,10,America/Los_Angeles,
202407,40,Kite,0,0,0,0,0,10,America/Los_Angeles,
202407,41,Footrope,0,0,0,0,0,10,America/Los_Angeles,
202407,41,Kite,0,0,0,0,0,10,America/Los_Angeles,
202407,42,Footrope,0,0,0,0,0,10,America/Los_Angeles,
202407,42,Kite,0,0,0,0,0,10,America/Los_Angeles,
202407,43,Footrope,0,0,0,0,0,10,America/Los_Angeles,
202407,43,Kite,0,0,0,0,0,10,America/Los_Angeles,
202407,44,Footrope,0,0,0,0,0,10,America/Los_Angeles,
202407,44,Kite,0,0,0,0,0,10,America/Los_Angeles,
202407,45,Footrope,0,0,0,0,0,10,America/Los_Angeles,
202407,45,Kite,0,0,0,0,0,10,America/Los_Angeles,
202407,46,Footrope,0,0,0,0,0,10,America/Los_Angeles,
202407,46,Kite,0,0,0,0,0,10,America/Los_Angeles,
202407,47,Footrope,0,0,0,0,0,10,America/Los_Angeles,
202407,47,Kite,0,0,0,0,0,10,America/Los_Angeles,
202407,48,Footrope,0,0,0,0,0,10,America/Los_Angeles,
202407,48,Kite,0,0,0,0,0,10,America/Los_Angeles,
202407,49,Footrope,0,0,0,0,0,10,America/Los_Angeles,
202407,49,Kite,0,0,0,0,0,10,America/Los_Angeles,
202407,50,Footrope,0,0,0,0,0,10,America/Los_Angeles,
202407,50,Kite,0,0,0,0,0,10,America/Los_Angeles,
202407,51,Footrope,0,0,0,0,0,10,America/Los_Angeles,
202407,51,Kite,0,0,0,-7,0,10,America/Los_Angeles,
202407,52,Footrope,0,0,0,0,0,10,America/Los_Angeles,
202407,52,Kite,0,0,0,-7,0,10,America/Los_Angeles,
202407,53,Footrope,0,0,0,0,0,10,America/Los_Angeles,
202407,53,Kite,0,0,0,-7,0,10,America/Los_Angeles,
202407,54,Footrope,0,0,0,0,0,10,America/Los_Angeles,
202407,54,Kite,0,0,0,0,0,10,America/Los_Angeles,
202407,55,Footrope,0,0,0,0,0,10,America/Los_Angeles,
202407,55,Kite,0,0,0,0,0,10,America/Los_Angeles,
202407,56,Footrope,0,0,0,0,0,10,America/Los_Angeles,
202407,56,Kite,0,0,0,0,0,10,America/Los_Angeles,
202407,57,Footrope,0,0,0,0,0,10,America/Los_Angeles,
202407,57,Kite,0,0,0,0,0,10,America/Los_Angeles,
202407,58,Footrope,0,0,0,0,0,10,America/Los_Angeles,
202407,58,Kite,0,0,0,0,0,10,America/Los_Angeles,
202407,59,Footrope,0,0,0,0,0,10,America/Los_Angeles,
202407,59,Kite,0,0,0,0,0,10,America/Los_Angeles,
202407,60,Footrope,0,0,0,0,0,10,America/Los_Angeles,
202407,60,Kite,0,0,0,0,0,10,America/Los_Angeles,
202407,61,Footrope,0,0,0,0,0,10,America/Los_Angeles,
202407,61,Kite,0,0,0,0,0,10,America/Los_Angeles,
202407,62,Footrope,0,0,0,0,0,10,America/Los_Angeles,
202407,62,Kite,0,0,0,0,0,10,America/Los_Angeles,
202407,63,Footrope,0,0,0,0,0,10,America/Los_Angeles,
202407,63,Kite,0,0,0,0,0,10,America/Los_Angeles,
202407,64,Footrope,0,0,0,0,0,10,America/Los_Angeles,
202407,64,Kite,0,0,0,0,0,10,America/Los_Angeles,
202407,65,Footrope,0,0,0,0,0,10,America/Los_Angeles,
202407,65,Kite,0,0,0,0,0,10,America/Los_Angeles,
202407,66,Footrope,0,0,0,0,0,10,America/Los_Angeles,
202407,66,Kite,0,0,0,0,0,10,America/Los_Angeles,
202407,67,Footrope,0,0,0,0,0,10,America/Los_Angeles,
202407,67,Kite,0,0,0,0,0,10,America/Los_Angeles,
202407,68,Footrope,0,0,0,0,0,10,America/Los_Angeles,
202407,68,Kite,0,0,0,0,0,10,America/Los_Angeles,
202407,69,Footrope,0,0,0,0,0,10,America/Los_Angeles,
202407,69,Kite,0,0,0,0,0,10,America/Los_Angeles,
202407,70,Footrope,0,0,0,0,0,10,America/Los_Angeles,
202407,70,Kite,0,0,0,0,0,10,America/Los_Angeles,
202407,71,Footrope,0,0,0,0,0,10,America/Los_Angeles,
202407,71,Kite,0,0,0,0,0,10,America/Los_Angeles,
202407,72,Footrope,0,0,0,0,0,10,America/Los_Angeles,
202407,72,Kite,0,0,0,0,0,10,America/Los_Angeles,
202407,73,Footrope,0,0,0,0,0,10,America/Los_Angeles,
202407,73,Kite,0,0,0,0,0,10,America/Los_Angeles,
202407,74,Footrope,0,0,0,0,0,10,America/Los_Angeles,
202407,74,Kite,0,0,0,0,0,10,America/Los_Angeles,
202407,75,Footrope,0,0,0,0,0,10,America/Los_Angeles,
202407,75,Kite,0,0,0,0,0,10,America/Los_Angeles,
202407,76,Footrope,0,0,0,0,0,10,America/Los_Angeles,
202407,76,Kite,0,0,0,0,0,10,America/Los_Angeles,
202407,77,Footrope,0,0,0,0,0,10,America/Los_Angeles,
202407,77,Kite,0,0,0,0,0,10,America/Los_Angeles,
202407,78,Footrope,0,0,0,0,0,10,America/Los_Angeles,
202407,78,Kite,0,0,0,0,0,10,America/Los_Angeles,
202407,79,Footrope,0,0,0,0,0,10,America/Los_Angeles,
202407,79,Kite,0,0,0,0,0,10,America/Los_Angeles,
202407,80,Footrope,0,0,0,0,0,10,America/Los_Angeles,
202407,80,Kite,0,0,0,0,0,10,America/Los_Angeles,
202407,81,Footrope,0,0,0,0,0,10,America/Los_Angeles,
202407,81,Kite,0,0,0,0,0,10,America/Los_Angeles,
202407,82,Footrope,0,0,0,0,0,10,America/Los_Angeles,
202407,82,Kite,0,0,0,0,0,10,America/Los_Angeles,
202407,83,Footrope,0,0,0,0,0,10,America/Los_Angeles,
202407,83,Kite,0,0,0,0,0,10,America/Los_Angeles,
202407,84,Footrope,0,0,0,0,0,10,America/Los_Angeles,
202407,84,Kite,0,0,0,0,0,10,America/Los_Angeles,
202407,85,Footrope,0,0,0,0,0,10,America/Los_Angeles,
202407,85,Kite,0,0,0,0,0,10,America/Los_Angeles,
202407,86,Footrope,0,0,0,0,0,10,America/Los_Angeles,
202407,86,Kite,0,0,0,0,0,10,America/Los_Angeles,
202407,87,Footrope,0,0,0,0,0,10,America/Los_Angeles,
202407,87,Kite,0,0,0,0,0,10,America/Los_Angeles,
202407,88,Footrope,0,0,0,0,0,10,America/Los_Angeles,
202407,88,Kite,0,0,0,0,0,10,America/Los_Angeles,
202407,89,Footrope,0,0,0,0,0,10,America/Los_Angeles,
202407,89,Kite,0,0,0,0,0,10,America/Los_Angeles,
202407,90,Footrope,0,0,0,0,0,10,America/Los_Angeles,
202407,90,Kite,0,0,0,0,0,10,America/Los_Angeles,
202407,91,Footrope,0,0,0,0,0,10,America/Los_Angeles,
202407,91,Kite,0,0,0,0,0,10,America/Los_Angeles,
202407,92,Footrope,0,0,0,0,0,10,America/Los_Angeles,
202407,92,Kite,0,0,0,0,0,10,America/Los_Angeles,
202407,93,Footrope,0,0,0,0,0,10,America/Los_Angeles,
202407,93,Kite,0,0,0,0,0,10,America/Los_Angeles,
202407,94,Footrope,0,0,0,0,0,10,America/Los_Angeles,
202407,94,Kite,0,0,0,0,0,10,America/Los_Angeles,
202407,95,Footrope,0,0,0,0,0,10,America/Los_Angeles,
202407,95,Kite,0,0,0,0,0,10,America/Los_Angeles,
202407,96,Footrope,0,0,0,0,0,10,America/Los_Angeles,
202407,96,Kite,0,0,0,0,0,10,America/Los_Angeles,
202407,97,Footrope,0,0,0,0,0,10,America/Los_Angeles,
202407,97,Kite,0,0,0,0,0,10,America/Los_Angeles,
202407,98,Footrope,0,0,0,0,0,10,America/Los_Angeles,
202407,98,Kite,0,0,0,0,0,10,America/Los_Angeles,
202407,99,Footrope,0,0,0,0,0,10,America/Los_Angeles,
202407,99,Kite,0,0,0,0,0,10,America/Los_Angeles,
202407,100,Footrope,0,0,0,0,0,10,America/Los_Angeles,
202407,100,Kite,0,0,0,0,0,10,America/Los_Angeles,
202407,101,Footrope,0,0,0,0,0,10,America/Los_Angeles,
202407,101,Kite,0,0,0,0,0,10,America/Los_Angeles,
202407,102,Footrope,0,0,0,0,0,10,America/Los_Angeles,
202407,102,Kite,0,0,0,0,0,10,America/Los_Angeles,
202407,103,Footrope,0,0,0,0,0,10,America/Los_Angeles,
202407,103,Kite,0,0,0,0,0,10,America/Los_Angeles,
202407,104,Footrope,0,0,0,0,0,10,America/Los_Angeles,
202407,104,Kite,0,0,0,0,0,10,America/Los_Angeles,
202407,105,Footrope,0,0,0,0,0,10,America/Los_Angeles,
202407,105,Kite,0,0,0,0,0,10,America/Los_Angeles,
202407,106,Footrope,0,0,0,0,0,10,America/Los_Angeles,
202407,106,Kite,0,0,0,0,0,10,America/Los_Angeles,
202407,107,Footrope,0,0,0,0,0,10,America/Los_Angeles,
202407,107,Kite,0,0,0,0,0,10,America/Los_Angeles,
202407,108,Footrope,0,0,0,0,0,10,America/Los_Angeles,
202407,108,Kite,0,0,0,0,0,10,America/Los_Angeles,
202407,109,Footrope,0,0,0,0,0,10,America/Los_Angeles,
202407,109,Kite,0,0,0,0,0,10,America/Los_Angeles,
202407,110,Footrope,0,0,0,0,0,10,America/Los_Angeles,
202407,110,Kite,0,0,0,0,0,10,America/Los_Angeles,
202407,111,Footrope,0,0,0,0,0,10,America/Los_Angeles,
202407,111,Kite,0,0,0,0,0,10,America/Los_Angeles,
202407,112,Footrope,0,0,0,0,0,10,America/Los_Angeles,
202407,112,Kite,0,0,0,0,0,10,America/Los_Angeles,
202407,113,Footrope,0,0,0,0,0,10,America/Los_Angeles,
202407,113,Kite,0,0,0,0,0,10,America/Los_Angeles,
202407,114,Footrope,0,0,0,0,0,10,America/Los_Angeles,
202407,114,Kite,0,0,0,0,0,10,America/Los_Angeles,
202407,115,Footrope,0,0,0,0,0,10,America/Los_Angeles,
202407,115,Kite,0,0,0,0,0,10,America/Los_Angeles,
202407,116,Footrope,0,0,0,0,0,10,America/Los_Angeles,
202407,116,Kite,0,0,0,0,0,10,America/Los_Angeles,
202407,117,Footrope,0,0,0,0,0,10,America/Los_Angeles,
202407,117,Kite,0,0,0,0,0,10,America/Los_Angeles,
202407,118,Footrope,0,0,0,0,0,10,America/Los_Angeles,
202407,118,Kite,0,0,0,0,0,10,America/Los_Angeles,
202407,119,Footrope,0,0,0,0,0,10,America/Los_Angeles,
202407,119,Kite,0,0,0,0,0,10,America/Los_Angeles,
202407,120,Footrope,0,0,0,0,0,10,America/Los_Angeles,
202407,120,Kite,0,0,0,0,0,10,America/Los_Angeles,
202407,121,Footrope,0,0,0,0,0,10,America/Los_Angeles,
202407,121,Kite,0,0,0,0,0,10,America/Los_Angeles,
202407,122,Footrope,0,0,0,0,0,10,America/Los_Angeles,
202407,122,Kite,0,0,0,0,0,10,America/Los_Angeles,
202407,123,Footrope,0,0,0,0,0,10,America/Los_Angeles,
202407,123,Kite,0,0,0,0,0,10,America/Los_Angeles,
202407,124,Footrope,0,0,0,0,0,10,America/Los_Angeles,
202407,124,Kite,0,0,0,0,0,10,America/Los_Angeles,
202407,125,Footrope,0,0,0,0,0,10,America/Los_Angeles,
202407,125,Kite,0,0,0,0,0,10,America/Los_Angeles,
202407,126,Footrope,0,0,0,0,0,10,America/Los_Angeles,
202407,126,Kite,0,0,0,0,0,10,America/Los_Angeles,
202407,127,Footrope,0,0,0,0,0,10,America/Los_Angeles,
202407,127,Kite,0,0,0,0,0,10,America/Los_Angeles,
202407,128,Footrope,0,0,0,0,0,10,America/Los_Angeles,
202407,128,Kite,0,0,0,0,0,10,America/Los_Angeles,
202407,129,Footrope,0,0,0,0,0,10,America/Los_Angeles,
202407,129,Kite,0,0,0,0,0,10,America/Los_Angeles,
202407,130,Footrope,0,0,0,0,0,10,America/Los_Angeles,
202407,130,Kite,0,0,0,0,0,10,America/Los_Angeles,
202407,131,Footrope,0,0,0,0,0,10,America/Los_Angeles,
202407,131,Kite,0,0,0,0,0,10,America/Los_Angeles,
202407,132,Footrope,0,0,0,0,0,10,America/Los_Angeles,
202407,132,Kite,0,0,0,0,0,10,America/Los_Angeles,
202407,133,Footrope,0,0,0,0,0,10,America/Los_Angeles,
202407,133,Kite,0,0,0,0,0,10,America/Los_Angeles,
202407,134,Footrope,0,0,0,0,0,10,America/Los_Angeles,
202407,134,Kite,0,0,0,0,0,10,America/Los_Angeles,
202407,135,Footrope,0,0,0,0,0,10,America/Los_Angeles,
202407,135,Kite,0,0,0,0,0,10,America/Los_Angeles,
202407,136,Footrope,0,0,0,0,0,10,America/Los_Angeles,
202407,136,Kite,0,0,0,0,0,10,America/Los_Angeles,
202407,137,Footrope,0,0,0,0,0,10,America/Los_Angeles,
202407,137,Kite,0,0,0,0,0,10,America/Los_Angeles,
202407,138,Footrope,0,0,0,0,0,10,America/Los_Angeles,
202407,138,Kite,0,0,0,0,0,10,America/Los_Angeles,No file
202407,139,Footrope,0,0,0,0,0,10,America/Los_Angeles,
202407,139,Kite,0,0,0,0,0,10,America/Los_Angeles,
202407,140,Footrope,0,0,0,0,0,10,America/Los_Angeles,
202407,140,Kite,0,0,0,0,0,10,America/Los_Angeles,
202407,141,Footrope,0,0,0,0,0,10,America/Los_Angeles,
202407,141,Kite,0,0,0,0,0,10,America/Los_Angeles,
202407,142,Footrope,0,0,0,0,0,10,America/Los_Angeles,
202407,142,Kite,0,0,0,0,0,10,America/Los_Angeles,No file
202407,143,Footrope,0,0,0,0,0,10,America/Los_Angeles,
202407,143,Kite,0,0,0,0,0,10,America/Los_Angeles,
202407,144,Footrope,0,0,0,0,0,10,America/Los_Angeles,
202407,144,Kite,0,0,0,0,0,10,America/Los_Angeles,
202407,145,Footrope,0,0,0,0,0,10,America/Los_Angeles,
202407,145,Kite,0,0,0,0,0,10,America/Los_Angeles,
202407,146,Footrope,0,0,0,0,0,10,America/Los_Angeles,
202407,146,Kite,0,0,0,0,0,10,America/Los_Angeles,
202407,147,Footrope,0,0,0,0,0,10,America/Los_Angeles,
202407,147,Kite,0,0,0,0,0,10,America/Los_Angeles,
202407,148,Footrope,0,0,0,0,0,10,America/Los_Angeles,
202407,148,Kite,0,0,0,0,0,10,America/Los_Angeles,
202407,149,Footrope,0,0,0,0,0,10,America/Los_Angeles,
202407,149,Kite,0,0,0,0,0,10,America/Los_Angeles,
202407,150,Footrope,0,0,0,0,0,10,America/Los_Angeles,
202407,150,Kite,0,0,0,0,0,10,America/Los_Angeles,
202407,151,Footrope,0,0,0,0,0,10,America/Los_Angeles,
202407,151,Kite,0,0,0,0,0,10,America/Los_Angeles,
202407,152,Footrope,0,0,0,0,0,10,America/Los_Angeles,
202407,152,Kite,0,0,0,0,0,10,America/Los_Angeles,
202407,153,Footrope,0,0,0,0,0,10,America/Los_Angeles,
202407,153,Kite,0,0,0,0,0,10,America/Los_Angeles,
202407,154,Footrope,0,0,0,0,0,10,America/Los_Angeles,
202407,154,Kite,0,0,0,0,0,10,America/Los_Angeles,
202407,155,Footrope,0,0,0,0,0,10,America/Los_Angeles,
202407,155,Kite,0,0,0,0,0,10,America/Los_Angeles,
202407,156,Footrope,0,0,0,0,0,10,America/Los_Angeles,
202407,156,Kite,0,0,0,0,0,10,America/Los_Angeles,
202407,157,Footrope,0,0,0,0,0,10,America/Los_Angeles,
202407,157,Kite,0,0,0,0,0,10,America/Los_Angeles,
202407,158,Footrope,0,0,0,0,0,10,America/Los_Angeles,
202407,158,Kite,0,0,0,0,0,10,America/Los_Angeles,
202407,159,Footrope,0,0,0,0,0,10,America/Los_Angeles,
202407,159,Kite,0,0,0,0,0,10,America/Los_Angeles,
202407,160,Footrope,0,0,0,0,0,10,America/Los_Angeles,
202407,160,Kite,0,0,0,0,0,10,America/Los_Angeles,
202407,161,Footrope,0,0,0,0,0,10,America/Los_Angeles,
202407,161,Kite,0,0,0,0,0,10,America/Los_Angeles,
202407,162,Footrope,0,0,0,0,0,10,America/Los_Angeles,
202407,162,Kite,0,0,0,0,0,10,America/Los_Angeles,
202407,163,Footrope,0,0,0,0,0,10,America/Los_Angeles,
202407,163,Kite,0,0,0,0,0,10,America/Los_Angeles,
202407,164,Footrope,0,0,0,0,0,10,America/Los_Angeles,
202407,164,Kite,0,0,0,0,0,10,America/Los_Angeles,
202407,165,Footrope,0,0,0,0,0,10,America/Los_Angeles,
202407,165,Kite,0,0,0,0,0,10,America/Los_Angeles,
202407,166,Footrope,0,0,0,0,0,10,America/Los_Angeles,
202407,166,Kite,0,0,0,0,0,10,America/Los_Angeles,
202407,167,Footrope,0,0,0,0,0,10,America/Los_Angeles,
202407,167,Kite,0,0,0,0,0,10,America/Los_Angeles,
202407,168,Footrope,0,0,0,0,0,10,America/Los_Angeles,
202407,168,Kite,0,0,0,0,0,10,America/Los_Angeles,
202407,169,Footrope,0,0,0,0,0,10,America/Los_Angeles,
202407,169,Kite,0,0,0,0,0,10,America/Los_Angeles,
202407,170,Footrope,0,0,0,0,0,10,America/Los_Angeles,
202407,170,Kite,0,0,0,0,0,10,America/Los_Angeles,
202407,171,Footrope,0,0,0,0,0,10,America/Los_Angeles,
202407,171,Kite,0,0,0,0,0,10,America/Los_Angeles,
202407,172,Footrope,0,0,0,0,0,10,America/Los_Angeles,
202407,172,Kite,0,0,0,0,0,10,America/Los_Angeles,
202407,173,Footrope,0,0,0,0,0,10,America/Los_Angeles,
202407,173,Kite,0,0,0,0,0,10,America/Los_Angeles,
202407,174,Footrope,0,0,0,0,0,10,America/Los_Angeles,
202407,174,Kite,0,0,0,0,0,10,America/Los_Angeles,
202506,1,Footrope,0,0,0,-7,0,10,America/Los_Angeles,
202506,1,Kite,0,0,0,0,0,10,America/Los_Angeles,
202506,2,Footrope,0,0,0,-7,0,10,America/Los_Angeles,
202506,2,Kite,0,0,0,0,0,10,America/Los_Angeles,
202506,3,Footrope,0,0,0,-7,0,10,America/Los_Angeles,
202506,3,Kite,0,0,0,0,0,10,America/Los_Angeles,
202506,4,Footrope,0,0,0,-7,0,10,America/Los_Angeles,
202506,4,Kite,0,0,0,0,0,10,America/Los_Angeles,
202506,5,Footrope,0,0,0,-7,0,10,America/Los_Angeles,
202506,5,Kite,0,0,0,0,0,10,America/Los_Angeles,
202506,6,Footrope,0,0,0,-7,0,10,America/Los_Angeles,
202506,6,Kite,0,0,0,0,0,10,America/Los_Angeles,
202506,7,Footrope,0,0,0,-7,0,10,America/Los_Angeles,
202506,7,Kite,0,0,0,0,0,10,America/Los_Angeles,
202506,8,Footrope,0,0,0,-7,0,10,America/Los_Angeles,
202506,8,Kite,0,0,0,0,0,10,America/Los_Angeles,
202506,9,Footrope,0,0,0,-7,0,10,America/Los_Angeles,
202506,9,Kite,0,0,0,0,0,10,America/Los_Angeles,
202506,10,Footrope,0,0,0,-7,0,10,America/Los_Angeles,
202506,10,Kite,0,0,0,0,0,10,America/Los_Angeles,
202506,11,Footrope,0,0,0,-7,0,10,America/Los_Angeles,
202506,11,Kite,0,0,0,0,0,10,America/Los_Angeles,
202506,12,Footrope,0,0,0,-7,0,10,America/Los_Angeles,
202506,12,Kite,0,0,0,0,0,10,America/Los_Angeles,
202506,13,Footrope,0,0,0,0,0,10,America/Los_Angeles,
202506,13,Kite,0,0,0,0,0,10,America/Los_Angeles,
202506,14,Footrope,0,0,0,0,0,10,America/Los_Angeles,
202506,14,Kite,0,0,0,0,0,10,America/Los_Angeles,
202506,15,Footrope,0,0,0,0,0,10,America/Los_Angeles,
202506,15,Kite,0,0,0,0,0,10,America/Los_Angeles,
202506,16,Footrope,0,0,0,0,0,10,America/Los_Angeles,
202506,16,Kite,0,0,0,0,0,10,America/Los_Angeles,
202506,17,Footrope,0,0,0,0,0,10,America/Los_Angeles,
202506,17,Kite,0,0,0,0,0,10,America/Los_Angeles,
202506,18,Footrope,0,0,0,0,0,10,America/Los_Angeles,
202506,18,Kite,0,0,0,0,0,10,America/Los_Angeles,
202506,19,Footrope,0,0,0,0,0,10,America/Los_Angeles,
202506,19,Kite,0,0,0,0,0,10,America/Los_Angeles,
202506,20,Footrope,0,0,0,0,0,10,America/Los_Angeles,
202506,20,Kite,0,0,0,0,0,10,America/Los_Angeles,
202506,21,Footrope,0,0,0,0,0,10,America/Los_Angeles,
202506,21,Kite,0,0,0,0,0,10,America/Los_Angeles,
202506,22,Footrope,0,0,0,0,0,10,America/Los_Angeles,
202506,22,Kite,0,0,0,0,0,10,America/Los_Angeles,
202506,23,Footrope,0,0,0,0,0,10,America/Los_Angeles,
202506,23,Kite,0,0,0,0,0,10,America/Los_Angeles,
202506,24,Footrope,0,0,0,0,0,10,America/Los_Angeles,
202506,24,Kite,0,0,0,0,0,10,America/Los_Angeles,
202506,25,Footrope,0,0,0,0,0,10,America/Los_Angeles,
202506,25,Kite,0,0,0,0,0,10,America/Los_Angeles,
202506,26,Footrope,0,0,0,0,0,10,America/Los_Angeles,
202506,26,Kite,0,0,0,0,0,10,America/Los_Angeles,
202506,27,Footrope,0,0,0,0,0,10,America/Los_Angeles,
202506,27,Kite,0,0,0,0,0,10,America/Los_Angeles,
202506,28,Footrope,0,0,0,0,0,10,America/Los_Angeles,
202506,28,Kite,0,0,0,0,0,10,America/Los_Angeles,
202506,29,Footrope,0,0,0,0,0,10,America/Los_Angeles,
202506,29,Kite,0,0,0,0,0,10,America/Los_Angeles,
202506,30,Footrope,0,0,0,0,0,10,America/Los_Angeles,
202506,30,Kite,0,0,0,0,0,10,America/Los_Angeles,
202506,31,Footrope,0,0,0,0,0,10,America/Los_Angeles,
202506,31,Kite,0,0,0,0,0,10,America/Los_Angeles,
202506,32,Footrope,0,0,0,0,0,10,America/Los_Angeles,
202506,32,Kite,0,0,0,0,0,10,America/Los_Angeles,
202506,33,Footrope,0,0,0,0,0,10,America/Los_Angeles,
202506,33,Kite,0,0,0,0,0,10,America/Los_Angeles,
202506,34,Footrope,0,0,0,0,0,10,America/Los_Angeles,
202506,34,Kite,0,0,0,0,0,10,America/Los_Angeles,
202506,35,Footrope,0,0,0,0,0,10,America/Los_Angeles,
202506,35,Kite,0,0,0,0,0,10,America/Los_Angeles,
202506,36,Footrope,0,0,0,0,0,10,America/Los_Angeles,
202506,36,Kite,0,0,0,0,0,10,America/Los_Angeles,
202506,37,Footrope,0,0,0,0,0,10,America/Los_Angeles,
202506,37,Kite,0,0,0,0,0,10,America/Los_Angeles,
202506,38,Footrope,0,0,0,0,0,10,America/Los_Angeles,
202506,38,Kite,0,0,0,0,0,10,America/Los_Angeles,
202506,39,Footrope,0,0,0,0,0,10,America/Los_Angeles,
202506,39,Kite,0,0,0,0,0,10,America/Los_Angeles,
202506,40,Footrope,0,0,0,0,0,10,America/Los_Angeles,
202506,40,Kite,0,0,0,0,0,10,America/Los_Angeles,
202506,41,Footrope,0,0,0,0,0,10,America/Los_Angeles,
202506,41,Kite,0,0,0,0,0,10,America/Los_Angeles,
202506,42,Footrope,0,0,0,0,0,10,America/Los_Angeles,
202506,42,Kite,0,0,0,0,0,10,America/Los_Angeles,
202506,43,Footrope,0,0,0,0,0,10,America/Los_Angeles,
202506,43,Kite,0,0,0,0,0,10,America/Los_Angeles,
202506,44,Footrope,0,0,0,0,0,10,America/Los_Angeles,
202506,44,Kite,0,0,0,0,0,10,America/Los_Angeles,
202506,45,Footrope,0,0,0,0,0,10,America/Los_Angeles,
202506,45,Kite,0,0,0,0,0,10,America/Los_Angeles,
202506,46,Footrope,0,0,0,0,0,10,America/Los_Angeles,
202506,46,Kite,0,0,0,0,0,10,America/Los_Angeles,
202506,47,Footrope,0,0,0,0,0,10,UTC,
202506,47,Kite,0,0,0,0,0,10,UTC,
202506,48,Footrope,0,0,0,0,0,10,UTC,
202506,48,Kite,0,0,0,0,0,10,UTC,
202506,49,Footrope,0,0,0,0,0,10,UTC,
202506,49,Kite,0,0,0,0,0,10,UTC,
202506,50,Footrope,0,0,0,0,0,10,UTC,
202506,50,Kite,0,0,0,0,0,10,UTC,
202506,51,Footrope,0,0,0,0,0,10,UTC,No file
202506,51,Kite,0,0,0,0,0,10,UTC,
202506,52,Footrope,0,0,0,0,0,10,UTC,
202506,52,Kite,0,0,0,0,0,10,UTC,
202506,53,Footrope,0,0,0,0,0,10,UTC,
202506,53,Kite,0,0,0,0,0,10,UTC,
202506,54,Footrope,0,0,0,0,0,10,UTC,
202506,54,Kite,0,0,0,0,0,10,UTC,
202506,55,Footrope,0,0,0,0,0,10,UTC,
202506,55,Kite,0,0,0,0,0,10,UTC,
202506,56,Footrope,0,0,0,0,0,10,UTC,
202506,56,Kite,0,0,0,0,0,10,UTC,
202506,57,Footrope,0,0,0,0,0,10,UTC,
202506,57,Kite,0,0,0,0,0,10,UTC,
202506,58,Footrope,0,0,0,0,0,10,UTC,
202506,58,Kite,0,0,0,0,0,10,UTC,
202506,59,Footrope,0,0,0,0,0,10,UTC,
202506,59,Kite,0,0,0,0,0,10,UTC,
202506,60,Footrope,0,0,0,0,0,10,UTC,
202506,60,Kite,0,0,0,0,0,10,UTC,
202506,61,Footrope,0,0,0,0,0,10,UTC,
202506,61,Kite,0,0,0,0,0,10,UTC,
202506,62,Footrope,0,0,0,0,0,10,UTC,
202506,62,Kite,0,0,0,0,0,10,UTC,
202506,63,Footrope,0,0,0,0,0,10,UTC,
202506,63,Kite,0,0,0,0,0,10,UTC,
202506,64,Footrope,0,0,0,0,0,10,UTC,
202506,64,Kite,0,0,0,0,0,10,UTC,
202506,65,Footrope,0,0,0,0,0,10,UTC,
202506,65,Kite,0,0,0,0,0,10,UTC,
202506,66,Footrope,0,0,0,0,0,10,UTC,
202506,66,Kite,0,0,0,0,0,10,UTC,
202506,67,Footrope,0,0,0,0,0,10,UTC,
202506,67,Kite,0,0,0,0,0,10,UTC,
202506,68,Footrope,0,0,0,0,0,10,UTC,
202506,68,Kite,0,0,0,0,0,10,UTC,
202506,69,Footrope,0,0,0,0,0,10,UTC,
202506,69,Kite,0,0,0,0,0,10,UTC,
202506,70,Footrope,0,0,0,0,0,10,UTC,
202506,70,Kite,0,0,0,0,0,10,UTC,
202506,71,Footrope,0,0,0,0,0,10,UTC,
202506,71,Kite,0,0,0,0,0,10,UTC,
202506,72,Footrope,0,0,0,0,0,10,UTC,
202506,72,Kite,0,0,0,0,0,10,UTC,
202506,73,Footrope,0,0,0,0,0,10,UTC,
202506,73,Kite,0,0,0,0,0,10,UTC,
202506,74,Footrope,0,0,0,0,0,10,UTC,
202506,74,Kite,0,0,0,0,0,10,UTC,
202506,75,Footrope,0,0,0,0,0,10,UTC,
202506,75,Kite,0,0,0,0,0,10,UTC,
202506,76,Footrope,0,0,0,0,0,10,UTC,
202506,76,Kite,0,0,0,0,0,10,UTC,
202506,77,Footrope,0,0,0,0,0,10,UTC,
202506,77,Kite,0,0,0,0,0,10,UTC,
202506,78,Footrope,0,0,0,0,0,10,UTC,
202506,78,Kite,0,0,0,0,0,10,UTC,
202506,79,Footrope,0,0,0,0,0,10,UTC,
202506,79,Kite,0,0,0,0,0,10,UTC,
202506,80,Footrope,0,0,0,0,0,10,UTC,
202506,80,Kite,0,0,0,0,0,10,UTC,
202506,81,Footrope,0,0,0,0,0,10,UTC,
202506,81,Kite,0,0,0,0,0,10,UTC,
202506,82,Footrope,0,0,0,0,0,10,UTC,
202506,82,Kite,0,0,0,0,0,10,UTC,
202506,83,Footrope,0,0,0,0,0,10,UTC,
202506,83,Kite,0,0,0,0,0,10,UTC,
202506,84,Footrope,0,0,0,0,0,10,UTC,
202506,84,Kite,0,0,0,0,0,10,UTC,
202506,85,Footrope,0,0,0,0,0,10,UTC,
202506,85,Kite,0,0,0,0,0,10,UTC,
202506,86,Footrope,0,0,0,0,0,10,UTC,
202506,86,Kite,0,0,0,0,0,10,UTC,
202506,87,Footrope,0,0,0,0,0,10,UTC,
202506,87,Kite,0,0,0,0,0,10,UTC,
202506,88,Footrope,0,0,0,0,0,10,UTC,
202506,88,Kite,0,0,0,0,0,10,UTC,
202506,89,Footrope,0,0,0,0,0,10,UTC,
202506,89,Kite,0,0,0,0,0,10,UTC,
202506,90,Footrope,0,0,0,0,0,10,UTC,
202506,90,Kite,0,0,0,0,0,10,UTC,
202506,91,Footrope,0,0,0,0,0,10,UTC,
202506,91,Kite,0,0,0,0,0,10,UTC,
202506,92,Footrope,0,0,0,0,0,10,UTC,
202506,92,Kite,0,0,0,0,0,10,UTC,
202506,93,Footrope,0,0,0,0,0,10,UTC,
202506,93,Kite,0,0,0,0,0,10,UTC,
202506,94,Footrope,0,0,0,0,0,10,UTC,
202506,94,Kite,0,0,0,0,0,10,UTC,
202506,95,Footrope,0,0,0,0,0,10,UTC,
202506,95,Kite,0,0,0,0,0,10,UTC,
202506,96,Footrope,0,0,0,0,0,10,UTC,
202506,96,Kite,0,0,0,0,0,10,UTC,
202506,97,Footrope,0,0,0,0,0,10,UTC,
202506,97,Kite,0,0,0,0,0,10,UTC,
202506,98,Footrope,0,0,0,0,0,10,UTC,
202506,98,Kite,0,0,0,0,0,10,UTC,
202506,99,Footrope,0,0,0,0,0,10,UTC,
202506,99,Kite,0,0,0,0,0,10,UTC,
202506,100,Footrope,0,0,0,0,0,10,UTC,
202506,100,Kite,0,0,0,0,0,10,UTC,
202506,101,Footrope,0,0,0,0,0,10,UTC,
202506,101,Kite,0,0,0,0,0,10,UTC,
202506,102,Footrope,0,0,0,0,0,10,UTC,
202506,102,Kite,0,0,0,0,0,10,UTC,
202506,103,Footrope,0,0,0,0,0,10,UTC,No file
202506,103,Kite,0,0,0,0,0,10,UTC,
202506,104,Footrope,0,0,0,0,0,10,UTC,
202506,104,Kite,0,0,0,0,0,10,UTC,
202506,105,Footrope,0,0,0,0,0,10,UTC,No file
202506,105,Kite,0,0,0,0,0,10,UTC,
202506,106,Footrope,0,0,0,0,0,10,UTC,
202506,106,Kite,0,0,0,0,0,10,UTC,
202506,107,Footrope,0,0,0,0,0,10,UTC,
202506,107,Kite,0,0,0,0,0,10,UTC,
